{
  "BTCUSDT": [
    1222678207.6377974,
    1144683437.8672237,
    1.0681365408028385,
    0.00025025512288960014
  ],
  "ETHUSDT": [
    319391222.27277726,
    335436883.33823115,
    0.9521648874573088,
    -0.001548149682853136
  ],
  "DOGEUSDT": [
    122723685.33542842,
    127623312.42575262,
    0.9616086826364528,
    -0.00001238514162954507
  ],
  "FILUSDT": [
    28380406.059883866,
    28437498.93161907,
    0.9979923385009177,
    0.003940118246210986
  ],
  "BNBUSDT": [
    166677297.22430742,
    163917134.7619063,
    1.016838767139325,
    0.00014682525058751426
  ],
  "ADAUSDT": [
    234504335.002147,
    235960071.48324338,
    0.9938305812845977,
    0.000029171934899544535
  ],
  "TRXUSDT": [
    81166797.14974077,
    79010803.41891183,
    1.0272873282834243,
    -0.0000671572464820546
  ],
  "LTCUSDT": [
    82510795.71096738,
    87236869.06560574,
    0.9458248169007055,
    0.000012190584446808444
  ],
  "1INCHUSDT": [
    27567634.58005135,
    25632446.402212307,
    1.0754975997012919,
    -0.0001553087184072608
  ],
  "ZRXUSDT": [
    25395152.927318253,
    24283290.096642055,
    1.0457871575989592,
    0.0005708838535439678
  ]
}